id,competitor_id,post_text,post_url,published_date,main_topic,sub_topic,content_type,cta_type,has_promotion,ai_analysed,post_text_full
6068a9d7-6cb7-4822-bf5b-882cf72e89c5,1e8b6f42-c957-4d13-a2e9-74b5c63891fd,"Mary Lodge by Subko
An important update from our team.","https://www.google.com/maps/place/Mary+Lodge+by+Subko/@19.0531629,72.83002,17z/data=!4m7!3m6!1s0x3be7c9857a54fe43:0x24a2c7d62582f7ff!8m2!3d19.0531629!4d72.83002!11m1!2e1?entry=ttu&g_ep=EgoyMDI2MDkyMy4wIKXMDSoASAFQAw%3D%3D",2026-09-27T10:11:47.022153,,,,,False,False,"Mary Lodge by Subko
An important update from our team."
d31b7657-c818-4589-a26d-a8c0125d78e5,b1a2c3d4-e5f6-7890-abcd-ef1234567890,Our Signature Drink got a makeover! The Boojee Special now comes in a warm version — perfect for evenings. Tell us what you think.,,2026-09-24T10:33:00,Signature Drink,,announcement,learn,False,True,Our Signature Drink got a makeover! The Boojee Special now comes in a warm version — perfect for evenings. Tell us what you think.
190fa906-d7f4-49c6-81c7-91fd5b8fb5b1,b1a2c3d4-e5f6-7890-abcd-ef1234567890,Meet the Boojee Special — our house signature: single-origin Ethiopian pour-over with a hint of cardamom and rose water. Order it by name.,,2026-09-09T10:33:00,Signature Drink,,announcement,visit,False,True,Meet the Boojee Special — our house signature: single-origin Ethiopian pour-over with a hint of cardamom and rose water. Order it by name.
20804f52-dbc6-465e-b610-1c07e9d95e58,b1a2c3d4-e5f6-7890-abcd-ef1234567890,"It's cold brew season 🌧️ Try our Monsoon Cold Brew — smooth, dark, and refreshing. Limited batch, brewed fresh daily.",,2026-09-21T10:33:00,Seasonal Offer,,offer,visit,False,True,"It's cold brew season 🌧️ Try our Monsoon Cold Brew — smooth, dark, and refreshing. Limited batch, brewed fresh daily."
72d20358-fc20-4109-8e99-3d2dc3d3217f,b1a2c3d4-e5f6-7890-abcd-ef1234567890,Monsoon mood? Our Spiced Chai Latte is back for the season — served with a ginger cookie on the side. ₹220 only.,,2026-09-16T10:33:00,Seasonal Offer,,offer,buy,True,True,Monsoon mood? Our Spiced Chai Latte is back for the season — served with a ginger cookie on the side. ₹220 only.
c23b7ad8-fc78-477e-a35c-93542c353f93,b1a2c3d4-e5f6-7890-abcd-ef1234567890,"Sunday Slow Mornings at Boojee — free newspaper, ambient music, and a complimentary cookie with every full-price drink order. See you this Sunday.",,2026-09-19T10:33:00,Weekend Special,,event,visit,True,True,"Sunday Slow Mornings at Boojee — free newspaper, ambient music, and a complimentary cookie with every full-price drink order. See you this Sunday."
dc51ea24-0269-4f52-aca5-cce52bd9666e,b1a2c3d4-e5f6-7890-abcd-ef1234567890,Weekend-only: Boojee Brunch Set — any specialty coffee + avocado toast or granola bowl for ₹399. Every Sat & Sun till noon.,,2026-09-12T10:33:00,Weekend Special,,offer,visit,True,True,Weekend-only: Boojee Brunch Set — any specialty coffee + avocado toast or granola bowl for ₹399. Every Sat & Sun till noon.
3ed9d36b-de55-4f56-8cda-a5563b5852d5,b1a2c3d4-e5f6-7890-abcd-ef1234567890,"Introducing Boojee Bites — a new snack menu with freshly baked items every morning. Croissant, cookies, and banana bread. Limited daily!",,2026-09-14T10:33:00,New Menu Item,,announcement,visit,False,True,"Introducing Boojee Bites — a new snack menu with freshly baked items every morning. Croissant, cookies, and banana bread. Limited daily!"
10abeafc-31a7-4dad-886e-b64d52e0c0a3,b1a2c3d4-e5f6-7890-abcd-ef1234567890,Our new Miso Caramel Cortado is now on the menu — a savoury-sweet twist you won't find anywhere else in Bandra. Come try it!,,2026-09-06T10:33:00,New Menu Item,,announcement,visit,False,True,Our new Miso Caramel Cortado is now on the menu — a savoury-sweet twist you won't find anywhere else in Bandra. Come try it!
fdebe553-ccc6-442f-86a4-dfe91fa00932,5b2c8e71-0d46-4a95-b673-f19c3d824ae6,Star Rewards members: earn 3x stars on all purchases this week! Download the app and start collecting. ⭐,,2026-09-23T10:33:00,Loyalty Program,,offer,learn,True,True,Star Rewards members: earn 3x stars on all purchases this week! Download the app and start collecting. ⭐
2ee884fc-a87c-4088-8721-de990fd0eea9,5b2c8e71-0d46-4a95-b673-f19c3d824ae6,We've partnered with local artist @PriyankaCreates for a limited-edition cup design. Collect all 4 designs this month!,,2026-09-16T10:33:00,Collaboration,,announcement,visit,False,True,We've partnered with local artist @PriyankaCreates for a limited-edition cup design. Collect all 4 designs this month!
fd106691-bba0-4f25-964e-980023dd20c8,5b2c8e71-0d46-4a95-b673-f19c3d824ae6,Happy Hour returns! Every weekday 4–6 PM: buy one get one on all frappuccinos. Only at Starbucks Bandra West.,,2026-09-19T10:33:00,Happy Hour,,offer,visit,True,True,Happy Hour returns! Every weekday 4–6 PM: buy one get one on all frappuccinos. Only at Starbucks Bandra West.
7237659f-5ebf-4294-b8af-f0916e0e9f9e,5b2c8e71-0d46-4a95-b673-f19c3d824ae6,Weekend mornings deserve the best. Try our new weekend breakfast bundle — any tall drink + a sandwich for ₹499. Ends Sunday.,,2026-09-13T10:33:00,Weekend Special,,offer,buy,True,True,Weekend mornings deserve the best. Try our new weekend breakfast bundle — any tall drink + a sandwich for ₹499. Ends Sunday.
0bdab4ea-824f-4803-be6d-1e5f92fc308f,5b2c8e71-0d46-4a95-b673-f19c3d824ae6,The Lavender Oat Latte is here for a limited time! A floral twist on your morning ritual. Available at Starbucks Bandra West.,,2026-09-07T10:33:00,New Menu Item,,announcement,visit,False,True,The Lavender Oat Latte is here for a limited time! A floral twist on your morning ritual. Available at Starbucks Bandra West.
7c70dce9-d7d3-461d-b159-8de1ea0b03da,a93d17e5-6c24-4fb8-b851-2d7e4c9063aa,"Tuskin Rewards is live! Earn 1 point per ₹50 spent. Redeem for free drinks, pastries, and exclusive merch. Sign up in-store.",,2026-09-22T10:33:00,Loyalty Program,,announcement,learn,False,True,"Tuskin Rewards is live! Earn 1 point per ₹50 spent. Redeem for free drinks, pastries, and exclusive merch. Sign up in-store."
0b643c55-24d0-4b63-92fe-4a04bd34c6cf,a93d17e5-6c24-4fb8-b851-2d7e4c9063aa,Afternoon slump? Come in for Happy Hour from 3–5 PM. Two Espresso Martinis for the price of one at Tuskin 🍸,,2026-09-18T10:33:00,Happy Hour,,offer,visit,True,True,Afternoon slump? Come in for Happy Hour from 3–5 PM. Two Espresso Martinis for the price of one at Tuskin 🍸
903010f5-72c3-4b9c-bad7-11db3709b181,a93d17e5-6c24-4fb8-b851-2d7e4c9063aa,Weekend brunch drop! Fresh batch of croissants + our signature oat flat white. Tuskin Coffee open from 8 AM both days.,,2026-09-11T10:33:00,Weekend Special,,offer,visit,True,True,Weekend brunch drop! Fresh batch of croissants + our signature oat flat white. Tuskin Coffee open from 8 AM both days.
d9d98727-2525-4a67-bd84-2034b12d584a,a93d17e5-6c24-4fb8-b851-2d7e4c9063aa,"Say hello to our new Cold Brew Tonic — brewed for 18 hours, served over sparkling water. Now live at Tuskin Coffee.",,2026-09-03T10:33:00,New Menu Item,,announcement,visit,False,True,"Say hello to our new Cold Brew Tonic — brewed for 18 hours, served over sparkling water. Now live at Tuskin Coffee."
e040ad1a-90f3-473e-bf8f-3cee5b282799,1e8b6f42-c957-4d13-a2e9-74b5c63891fd,"We've teamed up with @BandraBookClub for a monthly pop-up reading session. Books, coffee, and community — this Sunday at Mary Lodge.",,2026-09-20T10:33:00,Collaboration,,event,visit,False,True,"We've teamed up with @BandraBookClub for a monthly pop-up reading session. Books, coffee, and community — this Sunday at Mary Lodge."
9c4fc754-1a8e-47ff-a6a3-bb5f63022436,1e8b6f42-c957-4d13-a2e9-74b5c63891fd,Happy Hour at Mary Lodge: 5 PM – 7 PM every weekday. All specialty lattes at flat ₹199. Bring a friend!,,2026-09-17T10:33:00,Happy Hour,,offer,visit,True,True,Happy Hour at Mary Lodge: 5 PM – 7 PM every weekday. All specialty lattes at flat ₹199. Bring a friend!
30b6c553-d9ca-4e08-91f8-e49f4cf68233,1e8b6f42-c957-4d13-a2e9-74b5c63891fd,Monsoon special: warm filter coffee + homemade banana bread combo for ₹299 only. Available till end of season!,,2026-09-15T10:33:00,Seasonal Offer,,offer,buy,True,True,Monsoon special: warm filter coffee + homemade banana bread combo for ₹299 only. Available till end of season!
baa48703-ebf1-452a-9f51-d8694f76ea7d,1e8b6f42-c957-4d13-a2e9-74b5c63891fd,Every Saturday & Sunday we're serving a special French press pour-over flight. Weekend vibes only at Mary Lodge ☕,,2026-09-10T10:33:00,Weekend Special,,offer,visit,True,True,Every Saturday & Sunday we're serving a special French press pour-over flight. Weekend vibes only at Mary Lodge ☕
46af7f60-4b83-41be-a4fb-2aa109c7a27d,1e8b6f42-c957-4d13-a2e9-74b5c63891fd,Introducing our brand-new Avocado Toast with poached eggs — the freshest addition to the Mary Lodge menu! Come try it this week.,,2026-09-05T10:33:00,New Menu Item,,announcement,visit,False,True,Introducing our brand-new Avocado Toast with poached eggs — the freshest addition to the Mary Lodge menu! Come try it this week.
